{"cameraMode":{"drawMode":0,"name":"Shaded","section":"Shading Mode"},"sceneLighting":false,"audioPlay":false,"sceneViewState":{"showFog":true,"showMaterialUpdate":false,"showSkybox":true,"showFlares":true,"showImageEffects":true,"showParticleSystems":true},"in2DMode":false,"pivot":{"x":278.7005310058594,"y":99.10722351074219,"z":-18.063568115234376},"rotation":{"x":0.09466762095689774,"y":0.0018020374700427056,"z":-0.0001714993268251419,"w":0.9955081939697266},"size":175.9687042236328,"orthographic":false}