{"cameraMode":{"drawMode":0,"name":"Shaded","section":"Shading Mode"},"sceneLighting":false,"audioPlay":false,"sceneViewState":{"showFog":true,"showMaterialUpdate":false,"showSkybox":true,"showFlares":true,"showImageEffects":true,"showParticleSystems":true},"in2DMode":false,"pivot":{"x":3.4279913902282717,"y":-1.3826682567596436,"z":-22.982423782348634},"rotation":{"x":0.16880260407924653,"y":0.4340890645980835,"z":-0.08317334949970246,"w":0.8809975385665894},"size":7.963862895965576,"orthographic":false}