{"cameraMode":{"drawMode":0,"name":"Shaded","section":"Shading Mode"},"sceneLighting":false,"audioPlay":false,"sceneViewState":{"showFog":true,"showMaterialUpdate":false,"showSkybox":true,"showFlares":true,"showImageEffects":true,"showParticleSystems":true},"in2DMode":false,"pivot":{"x":7.776662826538086,"y":2.179645299911499,"z":-14.586973190307618},"rotation":{"x":-0.025961535051465036,"y":-0.973067045211792,"z":0.13842645287513734,"w":-0.18249624967575074},"size":-4.259637355804443,"orthographic":false}