{"cameraMode":{"drawMode":0,"name":"Shaded","section":"Shading Mode"},"sceneLighting":false,"audioPlay":false,"sceneViewState":{"showFog":true,"showMaterialUpdate":false,"showSkybox":true,"showFlares":true,"showImageEffects":true,"showParticleSystems":true},"in2DMode":false,"pivot":{"x":188.2194061279297,"y":-61.78050994873047,"z":-23.128324508666993},"rotation":{"x":0.10926075279712677,"y":0.7271089553833008,"z":-0.11906292289495468,"w":0.6672365069389343},"size":217.8009490966797,"orthographic":false}